```csv
Full Name,Job Title,Company Name,Email Address,Phone Number,Mobile Number,Website URL,Street Address,City,State/Province,Postal Code,Country
,,South Watch,paul@southwatchfe.com,785-615-3032,,SouthWatchFIRE.com,,Peculiar,Kansas,,,
,,Abrio,,330-714-4568,330-714-4568,Abrio.com,"For DC Pak - 4 CAP, 1:D Powerdown Group, LLC","Randleman, Asheville, & Canton, NC",,28729,
Luan Luzzo,Chief Executive Officer,IMMUNO PHOTONICS,LLuzzo@immunophotonics.com,+1 859 879 5461,,www.immunophotonics.com,"Suite 140, 601 lift Lab, LA 4-5812",,,,,
Kenneth M. Goodin Jr.,Global Partner Solutions,Camensys,"kengoodin@camensys.com, Manager Partner",2 New York NY 10005,,,,,,,
,,KINETIC,,,,,,,,,,,
,,STOCKBRIDGE,,+27 21 801 8000,,,Silverstone Street Brackenfell,Cape Town,,7560,RSA
Jose Menendez,General Private Banker,,,,,thegladiadorbinasacoin.com,,,,,
,,SEAN CAMPBELL FOUNDER & CEO,"Scott@,Sean@","1-408-624-0008, 1-408-624-0008",,www.f,,,,,
,,Yang Motors Corp,,,,,,,,,
```
,,South Watch,,,,,,,,,
,,Paul Trimble Private Equity Services,paul@southwatch.com,+64 275 2002,,SouthwatchFS.com,,Managing Partner,,,
Li Allen,Director,Liu Allen Finance,claire@liuallenfinance.com,+1 (856)755-9181,,www.immunophotonics.com,,Immunophotonics Inc,Suite 2.2,CST 10 03 10,USA
,,Aprlo,,330 526 Watermark Blvd Apt 25300,,www.aprlo.ai,3305 Watermark Boulevard #25300,,,6399,
,,Jeanelsis,kenneh.j.goodwin@live.com,+1 913 744 4 MAM,,www.jeanelsis.net,,Jeans Paneis Global Investment,Kansas,,,
,,KINETIC,info@kineticbranding.co.za,,,,,,,,
,,Lloyd Castro SOUTH CONSULTING,,,,www.lloydcastro.com,,,,,,
,,STOCKBRIDGE,sharon@stockbridgevp.com,01270 619045 07850 756206,,,Nantwich CW5 6LG,,,United Kingdom,,
Sean Campbell,Joyaver & CEO,11-FORMATIV,sean@11-formativ.com,480.620.0000,,,Denver Colorado 80202,CA Rl 7850,,Suite 130,USA
,,,,858.633.4355,,,United States Suite,,,CO 80202,USA
,,,,1.800.214.5505,,,,,,,
Full Name,Job Title,Company Name,Email Address,Phone Number,Mobile Number,Website URL,Street Address,City,State/Province,Postal Code,Country
BRYAN SIRKIA,CHIEF TECHNOLOGY OFFICER,,,13 Dunmore Dr S, 3rd Floor,,,,,
,,,,Boston,MA,02126,
Gihan Peiris,CEO,Genomic Expression,,,,,,,,
,,,,1000 Commerce Center,,,,,
,,,,Peepstal WA 01915,,,,,
,,,,T 1 (866) 947 9200,,,,,
,,,,info@genomicexpression.com,,,,,
DENVTP DAVIS,Rosseland Property Properties,,,CALL 001 000 5 ALUW,,,,,
,,Mission Champaign'o MS,,,,,,,
,,,,Investor Relations,,,,,
,,,,97120 SE Stark St 220, Piano TX 75025,,,,,
,,,,Denver@grossestay.com,,,,,
,,,,87-493-8755,,,,,
Hitomasa Higashi,General Manager,Nikko,,,,,,,
,,Kadomoto Medical Department,,,,,,,
,,,,1-2-1 Azabu-Hiei-cho Minato-Ku,,,,,
,,,,Findlay Hometown Healthcare.com,,,,,
,,,,106-0041 JAPAN,,,,,
Matthew J. Hinds,Director of Investments,CITAV CAPITAL & CLAY,MLHinds@citav.com,Mobile 817-725-7265,Office 817-215-9906,www.citaycapgroup.com,,,,
,,,,martinhinds@citaygr09.com,,,,,
,,,,8520 Aberdeen Shore Boulevard #40520,,,,,
DAVID HUDGINS,Senior Director of Acquisitions,DISRUPEQUITY,,,,www.disrupequity.com,,,,
,,,,dave@disrupequity.com,,,,,
,,,,chris@disrupequity.com,,,,,
JKM Legal, PLLC,Managing Director,,jeff@edwardsr.com,,,,,,
Jeremy Jefferson,Managing Director,Jefferies,Jeff@Jefferies.com,,,,,,
,,Debt Advisory Services,,,,,,,
,,,,DataCenters@jefferies.com,,,,,
JONGG EDWARDS,,,joel@edl@edisbrso.com,,,,,,
,,Drug50ly Therapeutics,,,,,,,
,,,,KM-58-01-072,,,,,,,
,,,,joel@edl@edisbrso.com,,,,,,,
Imlay Harman,,,Email: im_harms89@yahoo.com,Mobile: 9719583829,,,,,
```
Full Name,Job Title,Company Name,Email Address,Phone Number,Mobile Number,Website URL,Street Address,City,State/Province,Postal Code,Country
Shanti Leon,,,shantileon@shantiileon.com,ISB: 908-0008,,"www.shantiileon.com, shantiileon.weebly.com",250 Ridgeway Drive Suite 200,Moorestown,NJ,08057,
Duane Barry,,RELIANT,duane.barry@reliant.com,,,,,,,,,
Chris Carroll,CEO,JAN ESTRADA,chris@janestradaceo.com,617-285-5633,,,President Jan CEO,Cambridge,MA,,
Kevin Stone,Director,CROSSHARBOR,kevin.stone@crossharbor.com,"Mobile: 978-621-8110, Office: 617-330-8100",,www.crossharbor.com,101 Arch St,Boston,MA,02110,
Frederick M. Cooper,President and Chief Executive Officer,Toll Brothers,"Frederick.M.Cooper@TollBrothersInc.com, Frederick.Intern@TollBrothersRe.com",P: 1-888-308-5302; C: 267-809-4000; TollBrothersInc.com,,,250 Gibraltar Road,"Horsham, PA 19044",,,,TOLL FREE
Naeem Elamin,Business Development Manager,ACUITY,naeem@acuitynow.com,+1-315-345-4200,,www.acuitynow.com,,,,,
Richard Lappin,Founder; Co-Chair,CIE,richard.lappin@thecie.com,C: 646-783-3555,,,,,,,,
Leonil Potgiun,Evercore,,design.ptgtnt@evercore.com,+1-212-8170670; C: +1-212-817-0670,,,,551 5th Street New York NY 10055,,,
```
Full Name,Job Title,Company Name,Email Address,Phone Number,Mobile Number,Website URL,Street Address,City,State/Province,Postal Code,Country
Nathan Lord,Managing Director,Jarlin Holdings LLC,,+1 (561) 213 9969,,(561) 213 9969,,,,,
Manoghara Manoharan,SAL Manager,SAL Manager,,TEL: +974 4436,,,,,,,
Tazz Mueller,National Account Regional Account,Ashford,,,469 484 3695,www.restoredecorativeconcrete.com,Dallas TX 75287 Silent Springs Suite 180,,,,
Karanjit Dhadms,Cofounder & CEO,,,9 (0217) 634 0001,,,,,,,
Liou Kalin,Lion Fang Silicon,KW Commercial,,,9171 251 4611 Cell 212 340 1140 Office,www.kw.com,,,,,
Kostoula Koustas,General Counsel - Global ALT,ALT Global,www.altglobal.com,,,,,,,,,
Mark O'Dea Jr.,,xProterra,,866 462 5582,,,,,,,
Karen Ernst,,,,800 874 5252,,,,,,,,
```
Full Name,Job Title,Company Name,Email Address,Phone Number,Mobile Number,Website URL,Street Address,City,State/Province,Postal Code,Country
Brian Hatcher,,DH Software,,Phone: (402) 578-3604,,www.dhsoftware.com,,,,,,
,,,brian@dhsoftware.com,,,,,,,,,
MAXWELL OFFE BEKOE,NATIONAL SIGNING AGENT CERTIFIED AND BACKGROUND SCREENED,,,224-CODAN-8542 or FRENDERSON: 8891 9735358085A MAXWELL@NAIKNOT.COM,,972358085A,ESSCRELES SIGNING AGENT,,,,
CHRIS BAKER,,,SALES@MYBAKECALGROUP.COM,888.453.Ex 7052; 1(59) 670-44-4,,(59) 670-44-4 EX 7052,,,,,
Samuel Phangwana,Member Information Systems (ISA),,samuel@chandleridge.com,+27 (0) 13 7563800 Suite CR042 - CA 94954,,,309 Piesco Circle Modec,Santa Clara,CA,94954,
CHELSEA CLARKE,MANAGER SPECIAL EVENTS & CATERING SALES,,CCLARKE@WELLSALLERDER.COM,C.631.797.7029 WELLSALLERICE@NELLSALLERDER.COM,,,1516 ST. STREET. 73103000M,NEW YORK,NY,10036,
Sy Jia Pom,,INTEGRIAS PARTNERS,sy.jia.@integriaspartners.com,7.1247.183 Mobile,,,,,,,,
Scott Hoyt,,PHOENIX STRATEGIES,scott@phoenixstrategies.com,,,,,,,,
Chris,,Chris ISODos,Chris@icbessc.com,+302-271-8368,,www.icibessc.com,,,,,
David Luitglass,CEO & CEO,,david@thefestassist.com,310-701-5925,,,,,,,
```
Full Name,Job Title,Company Name,Email Address,Phone Number,Mobile Number,Website URL,Street Address,City,State/Province,Postal Code,Country
Frederick N. Cooper,Senior Vice President Finance International Development and Investor Relations,Toll Brothers,fcooper@TollBrothers.com,215-938-8312,215-738-1500,TollBrothers.com,1140 Virginia Drive,Fort Washington,PA,19034,USA
James O'Brien,Growth Specialist,,jo@lev.co,914.263.4893,,lev.co,50 West 17th Street Floor 4,New York,NY,10011,USA
Fang Zhang,First Vice President Sr. Portfolio Manager,Preferred Bank,fang.zhang@preferredbank.com,347-532-8037,212-202-3688,,2 Pennsylvania Plaza Suite 24C,New York,NY,10121,USA
荒木 亮佑,,東洋経済 DATA Services,r-araki@toyokeizai.co.jp,03-3246-5580,,https://toyokeizai.net/,東京都中央区日本橋本石町1-2-1,東京都中央区,,103-8345,Japan
Ryan Zaczynski,Founder / CEO,TakeItEasyThursday,ryan@takeiteasythursday.com,,,takeiteasythursday.com,,,,,,USA
```
Full Name,Job Title,Company Name,Email Address,Phone Number,Mobile Number,Website URL,Street Address,City,State/Province,Postal Code,Country
Art Seligman,Director of Corporate Finance & Planning,Mountain Oil & Gas Inc.,art.seligman@gmail.com,Phone: 201-410-0467,,www.seligmanoilandgas.com,221 West Lancaster Ave., #6002,Fort Worth,TX,76102,
James L. Fried,President,,jfried@satterfell.com,T:305-773-6400,,www.satterfell.com,2050 North Bay Road,Miami,FL,33137,
James Newgent,Head of Operations & Client Strategy,picker,james.newgent@pickethomes.com,704-402-4493,,,,,,,
Joshua Bradley,,,joshua@jbradley.com,,,,,,,,
Jim Pagliaroli,Capital Advisor,BLUEBRIDGE FINANCIAL,jim@bluebridge-financial.com,Direct: 305-318-8810 | Office: 1 866.825.7769,,,11921 Freedom Drive | Suite 1130 | Reston,Reston,VA,20190,
Bill Johnson,Direct: 571.421.7797,,,Office: 866.825.7769,,,,,,,
Richard Loomis,Veteran Investors Relations,Veteran Investor Relations,,M: (713) 530-4722,,,401 S Jim Wright Fwy Ste 109,Fort Worth,TX,76108,
Scott Williams,Managing Partner,Alline,,,,www.allinecapital.com,204 Washington Ave West | Suite 100,Greenville,SC,29601,
Clark Spencer,Managing Partner, Factory Investments,GRUBB PROPERTIES,clark@grubbproperties.com,D: 704-405-5158 | M: 704-421-5838,,,4600 Park Road Suite 450,Charlotte,NC,28209,
Jeff Baldwin,,,jeff@integratedcapital.com,Office: (817) 886-5646,,,,,,,
Gerald DaneshFar,MD,Ashley Advisory Group,gerald@ashleyadvisorygroup.com,Mobile: 213.919.1848,,,,,,,
Art Seligman,Director of Corporate Finance & Planning,Sandstone Capital Advisors,,T:305-773-6400; T:561 Street; NW Suite 380,,,,,FL,,
```
Full Name,Job Title,Company Name,Email Address,Phone Number,Mobile Number,Website URL,Street Address,City,State/Province,Postal Code,Country
MAXWELL OFFIEBOE,,MAXWELL OFFIEBOE ACCOUNTANCY,MAXWELLOFFIEBOE@YAHOO.COM,07973549399,,WWW.MAXWELLOFFIEBOE.COM,,LSSETRING,WARRINGBURY ASCENT,LS5 3PT,
Milo Grunewald,,Lumius,milo@lumius.io,,,www.lumius.io,,,,,
,,Litmus Return,info@litmusreturn.com,,,,,,,KT6 7RX,
,,Rosewood Direct,,,,,,,,,
Kevin Ernst,Medical Director,Proterra,kevin@proterra.com,(512) 992 5725,,www.proterrainc.com,,,,,
Mary J Becker Jr,,IALEA,mary.becker@ialea.org,,,www.ialea.org,4 Hamilton Road Suite 2000,GLENS FALLS,NY,12801,
,,CMI,,,,,,,,,
CHRIS BAKER,THE MANAGING DIRECTOR,GMI,CHRIS@OAKENGMI.COM,+44 1383 870 343; +44 7984 505 154,,WWW.THEGMI.CO.UK,243 WHITEHOUSE INDUSTRIAL ESTATE PEEL ROAD,GLENROTHES,FIFE,KY6 2RU,
Ana Williams,Sales Manager,Isen Precision Machining,ana@isenprecision.com,,,www.isenprecision.com,17 Production Way Drive,OAKVILLE,ON,L6H 5Y9,
,,DH Software,,,,,,,,QA 93945,
,,Chibi Accel,,,,,,,,,
```
,,MAXWELL OFFICE BEKOE,,,,,724 GOLUNGO REDVN KHARTSOGOM 8 KPOTI LSI CERTIFIED SIGNNING AGENT,,,973-545-8017,
,,Lumivus,MHC GENERAL,,,www.lumivus.com/go/10-6-dm,C Luces 4645 E Fowler Ave Tampa FL 33617,Tampa,FL,33617,
,,RoundDataBase Connections CBA,,,,,,,,,
,,GnosisConnect Ravi VERMA,,,,,,,,,
Naman Lutria,,JAFFA,info@indiaprints.LLC,,,,,,,,
Kevin Erickson,Kevin Erickson Marketing Director College Park Partners,Kevins Place,,120 E 4th St Suite 725 New York NY 10022,,(D) 646.462.8522,www.kevinsplaceapts.com,120 E 4th St Suite 725,New York,NY,10022,
,,Mano Designs Jr,,,,(C) 917.797.9812; (D) 646.462.8522,xXcrcorp.com,,,,,
,,xProterra,,,,,,,,,
,,CMSF CHELSEA & CHELSEA CLARKE MANUFACTURING NEW YORK NY 10001,,,,,CHELSEA CLARKE & CHELSEA CLARKE MANUFACTURING NEW YORK NY 10001,NEW YORK,NY,10001,
Y Rodriguez Sales Director,Y Rodriguez Sales Director,,hello@salex.io,,,,,,,,
CHRIS BAKER,CHRIS BAKER Sr Data Science Lead & SPFF,CMI,(888) 383-5456 Ext 7532,212 E Plum St Ste E 5th Fl,,,212 E Plum St Ste E 5th Fl,,,7532,
Bruce Hadzima,Bruce Hadzima Principal CIDCO/CTO,DM Siltware,bruce@siltw.com,,,www.siltware.com,,,,,
Chris Adams,,Chris Adams,,,,,,,,,
Full Name,Job Title,Company Name,Email Address,Phone Number,Mobile Number,Website URL,Street Address,City,State/Province,Postal Code,Country
First American Title,,,,,,,627 Tyrol Avenue West, Box 150,Colfax,IA,50011,USA
Richard C. LaRee,Partner,Morgan Lewis,RichardLaRee@morganlewis.com,+1 202 739 5550,+1 202 739 5999,www.morganlewis.com,1111 Pennsylvania Avenue NW,Washington,DC,20004,USA
,,Capitalia,,,,,,,,,,
Alexandra Coleman,Chief Operating Officer,Dispatch,,+1 203 979 7468,,,New York,NY,10013-4012,USA
Josh Hartnett,CPA,,josh@hartnettcpa.com,+1 877 611 4000,,joshharnettcpa.com,3727 Algonquin Rd,Suite 120,Rolling Meadows,IL,60008,USA
Maks Koliva,Chief Financial Officer,CIEIP,maks@opengravity.com,619 649 0171,,,,,,,
Mikaela Martinov,CPA CPIA,,,,,,,,,,USA
```
Full Name,Job Title,Company Name,Email Address,Phone Number,Mobile Number,Website URL,Street Address,City,State/Province,Postal Code,Country
Morgan Lewis,Printer,Richard G. LaFlèce,,+1 212 795 3501; +1 212 735 8500; +1 202 739 5901,+1 203 739 8801,richardgelafleceattorneys.com,1701 Pennsylvania Avenue NW,Washington,DC,20006-5541,USA
Becky James,,First American Title & Services,becky.james@firstam.com,347-562-9447 ext. 1421,,,Floral Park,NY,11001,USA
Rob Harriott,,,rob@harriottcpa.com,,,,,,,,USA
Alexander Coleman,Chief Operating Officer,,,C: 203-979-448; O: 646-588-6182,,,,,,,USA
Nobu Naito,Chief Financial Officer,,,81 1908 2614,,www.goojapiguild.com,,,,,
Michael McIntosh,,,michaelmcintosh@michaelmcintosh.com,Direct: +44-20-8742-8000; Switchboard: +44-20-8742-8001,,www.michaelmcintosh.com,,,,,
```
Full Name,Job Title,Company Name,Email Address,Phone Number,Mobile Number,Website URL,Street Address,City,State/Province,Postal Code,Country
Mike Taylor,,,Office: 801-328-1964 ext. 101; Mobile: 801-428-4442,,,,,,,,,
Seth Geram,Principal,ARES,seth@aresguru.com,,,www.aresguru.com,250 Park Avenue 7th Floor,New York,NY,10177,
Ardi Jan,Senior Analyst,ARDI JAN,,,,,,,,,,
Charles Bunny,Accountant,CROATION,,21/06/2023,,,,,,,
Kyle Allison,Chief Investment Officer,CFA MBA,kyle.allison@cfa-mba.com,402.590.8001,,,,,,,
Mohamed El-Dawy,Wealth Management,ROYAL CROWN,,,,,,,,,
Jacob Goldsmith,,,jacob@gvv.com,,,www.gvv.com,,,,,
Emily Hill,Sales Specialist,ODESSA,(no treatment),+1(512) 418 1571,,,,,,,
```
Full Name,Job Title,Company Name,Email Address,Phone Number,Mobile Number,Website URL,Street Address,City,State/Province,Postal Code,Country
Jonathan Chand,MD MzH NEF Farmacologicas,NRX,jonathan@nrxpharma.com,,,,Founder Carmen and Cyndi Scientist,,,,,
Alexander Rudman,CPA,DIRECTOR BUSINESS DEVELOPMENT,,0 9 87 75 9310,,,60 Columbus Circle 19th Floor,New York,NY,10023,USA
,,ARTHROTO,,,,,DOUGLAS DOUGLAS HANDON FOUNDER & PRESIDENT,ARTHROTO,CO,80000,
Nigel Baeumler,,,NigelBaeumlerlawfirmgmail@,+447 7024 3557 704,,Nigelbaeumerlawfirmgmail85,33 Stratford Place London W1C1BQ,,,,,
,,Choice Hotels,,,,,310 Noble Street Suite 200,Kutztown,PA,19530,USA
Mikhail Zhuromskh,,,,619-354-1537,,,San Marcos/Poway/San Diego Area,,,,,
,,Canadian Association of Alternative Strategies & Assets,,305-333-0550,,www.caasa.ca,20 Adelaide Street East Suite 200 Toronto ON M5C1T6,,,,,
Kazi Fazl,,KGFB,,,,,,,,,,
,,W4 Management LTD,,,,,Mailing Address: P.O. Box 25 Royal Lane 116091,,,,,
```
Full Name,Job Title,Company Name,Email Address,Phone Number,Mobile Number,Website URL,Street Address,City,State/Province,Postal Code,Country
T. HALAM 2020,DAKORGARTHOTO@DAKORGARTHOTO.COM,DAKORGARTHOTO.COM,DAKORGARTHOTO@DAKORGARTHOTO.COM,,,DAKORGARTHOTO.COM,CHICAGO IL USA 60631 / LOSANGELES CA,,,,
Lucas Boyd,VP, RENEWABLE ENERGY FUNDS,Tax Credit Marketplace,lboyd@taxcreditmp.com,864-372-3995,864-887-6505,taxcreditmp.com,"777 Lowndes Hill Road Building 3, Suite 110",Greenville,SC,29607,USA
,,OXFORD FINANCE LLC,,Tel (203) 983-5278 Cell (516) 212-9400,,,"8 Sound Shore Drive Greenwich, CT 06830",,,CT 06830,USA
Jonathan Golin,,Capital MiXentures Inc.,,,,,6200 Boulevard Est. LDF Suite 210 Montréal (Québec) Canada H1T 1E5,Montréal,Québec,,Canada
David S. Kay,,Proterra,,760.542.0760,619.722.3869,proterra.com,1700 Garden of the Gods Road,Colorado Springs,CO,80907,USA
Robert Mendeles,,ARBOR,,,,,"Arbor Realty Trust, Inc. 333 Earle Ovington Blvd Suite 900 Uniondale, NY 11553",,,NY 11553,USA
Jonathan N. Auerbach,,HERRICK,jauerbach@herrick.com,,,,"New York Financial District Center 2 Park Avenue New York, NY 10016",New York,NY,10016,USA
Robert Salvatore,,"eChoice Hotels",robertms123@sbcglobal.net,robert.salvatore@chiotels.com,,,,,,,
Jory Adcock,CFO,Citatik,jory@adcock.com,816-519-6056,575-556-1681,jory@adcock.com,,,,,
```
Full Name,Job Title,Company Name,Email Address,Phone Number,Mobile Number,Website URL,Street Address,City,State/Province,Postal Code,Country
,,ARTROTO,,714-904-0600,,COLOPORATION.COM,APTO SAN JOAQUIN,ARTROTO,CDMX,,
Lucas Boyd,VP RENEWABLE ENERGY FUNDS,Tax Credit MARKETPLACE,lboyd@taxcreditmg.com,864-372-3995,864-887-6505,,777 Lowndes Hill Road Building 3 Suite 110,Greenville,SC,29607,
Nick Vandervoort,Manager Insurance Marketing,OXFORD FINANCIAL INC OXFORD PRINSURANCE LLC OXFORD PRIVATE LENDER LLC,nick@sxfin.com,251-998-5878,tel: (205) 988-2028,maxwellag@adelphia.net,8 Second Street Drive Greenwich CT 06830,Greenwich,CT,06830,
David S. Kay,Strategic Initiatives,Proterra,,,,,8300 Boulevard East #1P Schwenzer on the Plushes (604) 254-0008 North Bergen NJ 07047,North Bergen,NJ,07047,
Jonathan Glohn,,Capital Ventures Inc,,,,,The Crossroad of Greater and Capital,,,
Robert Mendikas,Director,ARICOR,,,,,160 Sandalfoot Circle East Floor Englewood Cliffs NJ 07632 Kingston 2010 PO 456,Kingston,,
,,HERRICK,,212-592-1453,,andrewsavchenko.com,2 Park Avenue 2 Park Avenue NY 10016,New York,NY,10016,
,,CHOICE HOTELS,,855-655-5425,,,,,,,
Jeff Aldcock,,,jeffaldcock@gmail.com,570-256-8601,800-403-0460,jeffaldcock.qualifik.com,1607 Sandalfoot Place,,,507-545,
Robert Gardner,,,,Phone: 855-6555-9025,,,,,,,
```
Lauran Grant,Private Aviation Advisor,,,404 623 1497,,,Jet Linx Dallas 7367 Cedar Springs Road,Dallas,TX,75235,
Troy Vick,Chief Executive Officer,V3 Capital Group / LLC,Troy@v3ccapital.com,404 698 6634,,,4949 Paces Ferry Rd Ste 2100,Atlanta,GA,30339,USA
,,,bforley@29sgcb.com,314-278-3051,,29SG.COM,,,,,
Darren Mardi,,Wynne Pinnrows,darren@wynnepinnrows.com,0208254244,,www.wynnepinnrows.com,55 Long Street Regency LU2 0TA,,,LU2 0TA,
Sergio Marangoni Rosenberg,,Studio Marangoni Rosenberg,Head of Financial Division,,,,,,,,
Brooks Harley,,,,314-276-2050;20 N Meramec Ste 205D,,,,Chicago,IL,60606,
Huntria Allen,,StratCap Learning,huntria@,Mobile 678-7958 Ext,,GD:StratCap.com,,,,,
Robert Schreiber,,Choice Hotels,,O: 469-855-7382,m: 2595055243,,,,,,
Full Name,Job Title,Company Name,Email Address,Phone Number,Mobile Number,Website URL,Street Address,City,State/Province,Postal Code,Country
Trey Vick,Chief Executive Officer,V3 Capital Group LLC,Trey@V3capital.com,214.432.4030,,jetlinx.com,4607 SMU Blvd Ste 320,Dallas,TX,75205,USA
Lauren Grant,,LAURAN GRANT,lauren.grant@jetlinx.com,,,jetlinx.com,7267 Cedar Springs Road,Dallas,TX,75235,USA
Sergio Adriany Rosenberg,,Sergio Adriany Rosenberg Head of Demand Auction,,,,,,,,,
Brooks Farley,Senior Vice President - Conflict Markets,BROOKS FARLEY,bfarley@29sc.com,3043724051,2815 Sunset Coral,www.29sc.com,,,,Chicago,IL 60606,USA
Darren Mazzi,,WYTHE WINDOWS,darren@wythwindows.com,m: 9174750420; o: 2129524744,,www.wythwindows.com,5535 Kings Street Robbery NY 10466,,,,,
Hunter Allen,Marketing Head - SSC,StratCap Securities,hunter@stratcapsecurities.com; hunter@capturerises.com,O: 8773071148,,stratcapsecurities.com,GMB 7823559,,,,,
Robert Geftner,Chief Legal Officer,CHOICE HOTELS,Robert.Geftner@ChoiceHotels.com,TL: 555 5303 3423,,,,,,,
Annselma Waterfose,,STOLL GROUP,,,O: 212 545 9000; M: +44543663765,stollgroup.com,BNSEE157N STREET STOLL GROUP COM 2002,,,,,
```
Full Name,Job Title,Company Name,Email Address,Phone Number,Mobile Number,Website URL,Street Address,City,State/Province,Postal Code,Country
Jacqueline Dornelll,,,jacquie.dornelll@labs.net,+61 450 595 800,,,215 Summer Road 5, Suite 1305,Quebec,QC,H3A 1B9,
Jonathan Pearce,National Accounts,Jonathan Pearce National Accounts,,,904.829.4853,,www.cysphenix.com,,,,
Dr Kieran Mulroony,Chief Executive Officer,CYTOPHENIX,,M: +61 438 192 016-30,,,,,,,
Bernard A. Wittman,Head of Wellness,USynHealth,,,,,654 Minnesota Street Office 37B 3596 42225,Belgrade,Minnesota,,USA
Jason Maynagh,,Jason Maynagh,Founder & CEO,+34 848 826 (Móvil),,,Office: 3D21,Calle 3,Suite 6250,Casco D,
Chris Mitchell,,,chris@rezi.com,,+214 818 008,www.rezi.com,,,Texas,75225,
Thomas Koehn Ph.D,,,,,724-388-3108,www.beadlussolutions.com,,Morrisville,Pennsylvania,,USA
Martin Castro,Vice Chairman,Martin Castro Vice Chairman,,,+44 (0)27 2827,www.cysphenix.com,223 Liberty Street,New York,New York,,USA
```
Full Name,Job Title,Company Name,Email Address,Phone Number,Mobile Number,Website URL,Street Address,City,State/Province,Postal Code,Country
Sam Layson,CEO & Creative Director,Planet Innovation,,+65 9424 2476,,,Joint Warehouse Unit #02-18 120 Hillview Avenue,Singapore,,119276,Singapore
Robert Fridman,Chief Business Development Officer,FullStack Modular,info@fullstackmodular.com,(646) 718-0223,,fullstackmodular.com,,New York,NY,10013,
Michael Hecht,Co-Founder,,m@thehecht.co,+44 7446 735831,,,,,,,,
Matthew A. Podolsky,VP of Sales,,,M: (516) 522-8566,,,11 Townsend Drive,Manhasset,NY,11030,
Patrick Grogan,CEO,,,+1 610-368-8456,,,,,,,
Craig Cooper,EMD (Cable) and OtherFly Services,,,619.708.2976,,www.craigcooperfiberoptics.com,1800 Drexel St. Suite 400,Newton,PA,19360,
Chalib Cameron,Club and CEO,otonexus MEDICAL TECHNOLOGIES,,,,,,,,,
Matt Peoples,Managing Director,TRUE CAPITAL GROUP,matt@truecapitalgroup.com,,,truecapitalgroup.com,,,,,,
Zane Bacchus,Founder / VP,,,P: 909.391.8311,E: 909.391.8313,,,,,,,
```
Full Name,Job Title,Company Name,Email Address,Phone Number,Mobile Number,Website URL,Street Address,City,State/Province,Postal Code,Country
Nasko Atanasov,,Citadel,,August 6 - August 7 2025,,,,,,,,
,,Reimagining Wealth Generation,,,,,,,,,
Christopher C Manes,,BROOKE GROUP,info@thebrookegroup.com,1-941-907-2007,,,2 Depot Plaza Suite D Mamlapan Freehold,,New Jersey,NJ 07726,,
Bill Insogna MS,Vice President Senior Advisor MS,Circuit Solutions,bill.insogna@voya.com,,,,5 Park Avenue Valhalla New York,New York,NY,10595,
Nasko Atanasov,,Citadel,,August 6 - August 7 2025,,,,,,,,
Benjamin Bernstein,,A|B BERNSTEIN,,1-877-217-8188,,,Newport Beach,CA,92660,,
,,CAPITAL SQUARE,,,,,Newport Beach,CA,92660,,
Justin Zehmke CPA MDiv,Estate Planning,,,559-977-1515,,,632 Big Pine Lane Cedar Park MN 55304,Cedar Park,MN,55304,
Latisha Miller,,CARE AWAY,,,,,,,,,
David Koy,,Towel & Kor,,,,,,,,,
,,X Proberra,chris@corus.com,1-646-405-9558,,,,,,,
David Potzio,,DANU,partner@danu.com,,,,,,,,,
Medenica Goran,,,,+1-877-954-6591; +1-877-954-6586,,www.medenica-goran.com,,,,,
,,CAAC,,,,,,,,,
```
Full Name,Job Title,Company Name,Email Address,Phone Number,Mobile Number,Website URL,Street Address,City,State/Province,Postal Code,Country
Nasko Atanasov,,,,,,,,,,,
,,,,,,,,,,,
Bill Brookshire,M.S. President & CEO,CAREPOINT SOLUTIONS,bill.brookshire@carepointsolutions.com,,,www.CarePointSolutions.com,,,,,
,Managing Partner - China Matters,BROCK FARM EBCROGROUP,,,,,,,,,
Justin Zenanko,CEO/Founder,Justin Zenanko CPA, MBA,justin@smartrise.com; Edgar.Pinillos.MBA.CPA@515309.6.Proton-566-FG023,630.605.5346; 630.605.1346; 630.605.3346,,,6320 Coer Founder Justin Zenanko,,,,,
Benjamin Tynan-Williams,,,ben@bernsteinmunich.com,Tel: +1 (718) 576-9165,M: +49 173 19 04 330,,,,,,,
,,A BERNSTEIN,,,,,Office: +49-351-565-4225; ext. 1781,Newport Beach CA 92660,,,
Letisha Walker,,,letisha@careawaymanila.com,,,,,,,,,
David Porzo,Portner,PROTERRA DANU,david@oving.com,Web: 408-335-5825; Skype: david@porzo.com,,,,,,,
Madeline Cogan,,,info@madelinecogan.com,,,,,,,,,
,,CAC,,,,,,,,,
,,DAVIS KIN Investment Advisors,,,,,,,,,
```
Full Name,Job Title,Company Name,Email Address,Phone Number,Mobile Number,Website URL,Street Address,City,State/Province,Postal Code,Country
Anthony Giordano,TRUSTEE,ADIRONDACK@SCHOOL SYNC.GOV,,,,www.lynncc.com,,,,,"",""
Jonathan McReynolds,Head of Sales,COMMERCIAL OBSERVER,jmcreynolds@commercialobserver.com,O. 212.407.9319,C. 631.901.3093,COMMERCIALOBSERVER.COM,,,,,"",""
Thomas L. Veghsong PhD,,KETO,thomas.veghsong@keto.com,m: + 609.516.5035,,,,,,,,"",""
Mand Moland,,Software,E: mail@mandmoland.com,"F: (702) 914-5227
X: (404) 444-8482",C: Mandmolandingblr@g.com,,,Phoenix,AZ,85044,USA
Michal Marczarone,REGIONAL DIRECTOR FOR NATIONAL OPERATIONS,SmartBuild,,72 Lambert Street Ste 1417,,,Rahway,NJ,07065,USA
Eduardo Kramer,,LESTE,eduardoabreu@leste.com,+420 Digital Ads Sales 2020,,,Miami,Florida,33131,USA
Lam Hewon,,ZOMEDICA,lam@zomedica.com,"C: 734.469.7945
O: 734.469.7946
F: 734.469.7945",,zomedica.com,100 Phoenix Drive,Ann Arbor,MI,48108,USA
Alex Budge,,FLAGSHIP,alex@flagshipllc.com,,,,,,,,"",""
,,BRUNT GRIESEN,,,,,,,,,"",""
,,PHOENIX,,,,www.signalingllc.com,,,,,"",""
```
Full Name,Job Title,Company Name,Email Address,Phone Number,Mobile Number,Website URL,Street Address,City,State/Province,Postal Code,Country
Jonathan McReynolds,Head of Sales,COMMERCIAL OBSERVER,jmcreynolds@commercialobserver.com,O. 212.407.9319,C. 631.901.3093,COMMERCIALOBSERVER.COM,,,,,,
Thomas L. Voorsbourg,PhD,KETO,tom@mybiotech.com,m: +1-609-613-6035,,www.mybiotech.com,,,,,,
Mark McCord,EVP & Partner,Software,markmccord@softwareusa.com,972.345.9277,469-834-5500,,17305 Dallas Parkway,Addison,TX,75001,
Michaela MacBrayne,REGIONAL DIRECTOR OF RENOVATIONS,Smart Build,,,721 anderson street Ste 201,www.smartbuild.com,Newton, MA 02459,,,,
Eduardo Kertztr,,,eduardo.kertztr@leste.cc,+55 (31) 98525 2806,8438 Brittsall Ave - Suite 250 - Miami - Florida - 33131,www.leste.com,,,,,
Lary Halson,Chief Marketing Officer,,laryphalson@zomedica.com,C: 734.674.0448,320 Pearson Drive - Suite 125 - Ann Arbor, MI 48103,zomedica.com,,,,,
Alexis Budde,Executive Vice President / Director of Investor Relations,FLAGSHIP,alexis@flagshipre.com,,2701 Renaissance Blvd. Suite 100 - Charlo King, NC 28211,www.flagshipre.com,,,,,
Bennie Phoenix,,,,,,,,,,,
```
Full Name,Job Title,Company Name,Email Address,Phone Number,Mobile Number,Website URL,Street Address,City,State/Province,Postal Code,Country
Jeff Pomeranz,Managing Director,Right Side Capital Management LLC,jeff@rightsidecapital.com,(415) 655-4969,(415) 637-7064,,649 Mission Street 5th Floor,San Francisco,CA,94105,USA
Ana Saer,Executive Director Head of Professional Services,MUFG Capital Analytics LLC,asaer@mufg-is.com,305-213-8375,,,325 North Saint Paul Suite 4700,Dallas,TX,75201,USA
Robert Horton,Managing Director,Concord Summit Capital,RHORTON@CONCORDSUMMIT.COM,(213) 605-4282,,,1450 Brickell Avenue Suite 2560,Miami,FL,33131,USA
Jack Waters,ETF Investment Consultant,Calamos Investments,jwaters@calamos.com,331.401.1512,866.363.9219,www.calamos.com,2020 Calamos Court,Naperville,IL,60563,USA
Hyuk-Jeen Suh,General Partner,SkyRiver Ventures,hyukjeen@skyriverventures.com,+1-617-851-9876,+82-10-7404-9149,www.skyriverventures.com,125 High Street Oliver Street Tower Suite 2115,Boston,MA,02110,USA
Byron Logan,Assistant Vice President Associate Business Banker Business Banking,M&T Bank,blogan@mtb.com,914 462 2535,,,277 Park Avenue 25th Floor,New York,NY,10172,USA
Daniel Trentacosta,Managing Director Global Head - Private Markets and Change,MUFG Fund Services (USA) LLC,dtrentacosta@mfaadmin.com,212.889.2781,929.287.2384,www.mufg-investorservices.com,1221 Avenue of the Americas 10th Floor,New York,NY,10020,USA
Lynn Berger,Director Strategic Partnerships,Griffin Capital,lberger@griffincap.com,724.799.9994,,,266 Kansas Street,El Segundo,CA,90245,USA
```
Full Name,Job Title,Company Name,Email Address,Phone Number,Mobile Number,Website URL,Street Address,City,State/Province,Postal Code,Country
Benjamin Krosin,SENIOR DIRECTOR Real Estate Finance,Walker Dunlop,bkrosin@walkerdunlop.com,301.215.5543,410.591.0770,WalkerDunlop.com,7272 Wisconsin Avenue Suite 1300,Bethesda,Maryland,20814,USA
Kevin Walkup,CEO,HARMONIATE,kwalkup@harmoniate.com,1-800 339 1031; 408 387 0803; 408 488 7137,,harmoniate.com,50 W. San Fernando St. STE 80,San Jose,CA,95113,USA
Jeremy Gelb,DIRECTOR CAPITAL MARKETS,THOR EQUITIES,,,,,,,,,,
David M. Kirby,Managing Director,KIRBY CAPITAL ADVISORS Alternative Investments Advisory,dkirby@kirbycapital.com,+1-203-972-7329,+1-203-685-7194,,8 Wright Street Suite 407,Westport,Connecticut,06880,USA
Victor Olmos,Associate,KENDALL CAPITAL PARTNERS,Victor.Olmos@KendallCapitalPartners.com,+1 (408) 710-5105,,,53 State Street,Boston,MA,02109,USA
Michael D. Ward,SENIOR VICE PRESIDENT,VANDERBILT FINANCIAL GROUP,mward@vanderbiltsecurities.com,631-845-5100 x2854; 631-845-4531; 631-875-6792,,www.vanderbiltfinancialgroup.com,125 Froehlich Farm Blvd,Woodbury,NY,11797,USA
Allie Lyman,DIRECTOR OF INVESTOR RELATIONS,THE WYOMING RESERVE,ALLIE@THEWYOMINGRESERVE.COM,307.439-0051,,WWW.THEWYOMINGRESERVE.COM,170 STAR LANE,CASPER,WY,82604,USA
Alexander Rudman,DIRECTOR BUSINESS DEVELOPMENT,CFA,arudman@pretium.com,917 677 9510,973 769 3012,pretium.com,60 Columbus Circle 19th Floor,New York,NY,10025,USA
Mark Mercado,Executive Vice President Investment Programs & Operations,CAPITAL SQUARE,mmercado@capitalsq.com,949.991.5151 ext. 1731,951.454.2235,,4400 MacArthur Boulevard Suite 720,Newport Beach,CA,92660,USA
```
Full Name,Job Title,Company Name,Email Address,Phone Number,Mobile Number,Website URL,Street Address,City,State/Province,Postal Code,Country
Ridwell Wealth Management LLC,,,,,,,618 Davis Street,,,,
James E. Ridwell,Partner,Ridwell Wealth Management LLC,jim@ridwellwealthadvisors.com,1-617-398-5830,,,,Evanston,IL,60201,USA
Patrick Corgan,,Amgen,,,+1 805-630-2558,,,Thousand Oaks,CA,91320,USA
,,,,,+1 805-3128-4185,www.amgen.com,One Amgen Center Drive,,,,
Joseph Monti,Licensed Real Estate Broker / President / Founder,Charles Rutenberg Realty,Email:pmcslick@onilnk.net,,,,"515 Executive Dr., Princeton Jct NJ 08690",,,08690,USA
,,"Serving the Family of Buyers and Sellers",,Tel: (609) 577-2500,,,,,,,
Nate Gaul,Red Mining,,nate.gaul@massio.org,tel (617) 673-0715,,,700 Technology Square 6th Floor Cambridge MA 02139,Cambridge,MA,02139,USA
Rick Cherry,CHIEF SERVANT OFFICER,PATRIOT,,,,(937) 783-8103,,,,,
,,,,,,www.patioservicesinc.com,Nassau Ohio License Brook White Plans,,,,
ROBERT NORTON,MANAGING DIRECTOR,GORDON CAPITAL,,C (781) 608-4352,,,,,MA,,
,,,RHORTON@GCMCAPITAL.COM,,F (617) 206-1204,GCMCAPITAL.COM,,,,
Hyuk Joon Shin Ph.D. MBA,General Partner,에이티엠 투자,hykjun@shinyev.ventures.com,US Cell: +1 617 851 5805,,www.shinyev.ventures.com,125 Cambridgepark Dr,Boston,MA,02140,USA
,,,,Korea Cell: +82-10-8249-5149,,,,,,,
,,,,Fax: +1 617 674-2291,,,,,,,
Daniel Trembacosta,Global Head - Private Markets and Charger,MUFG,,,,,1201 Avenue of the Americas,New York,NY,10020,USA
,,MUFG Fund Services USA LLC,daniel.trembacosta@us.mufg.jp,T: 212-899-2781,M: 929-297-0284,www.mufg.jp/assetsservices-us-en/,,,,,
```
Nate Gaul,Operations Manager,(health)(he),nate@massbio.org,tel(617)675-0715,,,,,,,,
Joseph Moshé,Licensed Real Estate Broker President Founder,Patrick Cagen,Email jmoshe@crrinet,,,,3732 Gerrry Ave Suite 208,Nassau, Queens,NY,USA 11732,
James F. Rothwell,Founder & CEO,Rothwell Wealth Management LLC,james@rothwellwealth.com,Mobile: (347) 987-5613,,,613 Duncan Street LibbyWalk L15088,,,,,
Rick Cherry,,PATRIOT,,,(973) 903-6133,patrickcherry@gmail.com,,,,,
Robert Horton,MANAGING DIRECTOR,CONCORD SUMMIT CAPITAL,CONCORD@SUMMITCAP.COM,C. (571) 235-5432 O.703-790-5200,,,4400 BRISTOLL AVE SUITE 545 C-10 FAIRFAX,,VA,22030,
Hyuk-yeen Suh Ph.D.,General Partner,APRIL & H,hyuksyeensuh@aprilventures.com,US.C: +1-617-851-8976 Korea Cell: +82-10-7404-9149,,www.aprilventures.com,125 High Street Suite 2115 One Shiba Park,Boston,MA,02110,
Daniel Trapizoola,Managing Director Global Head - Private Markets and Change,MUFG,daniel.trapizoola@mufg.net,T. 212 489 7787 M. 914 217 2584,,,MUFG Fund Services USA LLC 525 Washington Blvd 10th Floor,Jersey City,NJ,10020,
Full Name,Job Title,Company Name,Email Address,Phone Number,Mobile Number,Website URL,Street Address,City,State/Province,Postal Code,Country
Jack Waters,ETF Investment Consultant,Calamos Investments,jwaters@calamos.com,331.401.1512; 866.363.9219,,www.calamos.com,2020 Calamos Court,Naperville,IL,60563,USA
Vali Nasr,Executive Chairman,NASR Investment Consulting,vali@nasr-consulting.com,307-200-8675,949-701-7183,www.nasr-consulting.com,11445 E. Via Linda. Suite 2. Box 508,Scottsdale,AZ,85259,USA
Wayne Nixon,"Realtor, Senior Investor, Business Owner",,wayne@countrywiderealtyparnters.com,407-963-4663; 407-401-8790; 866-455-2185,,,,,,32809,USA
Mathew A. Podolsky,VP of Sales,Vistro USA. LLC,mpodolsky@phva.com,+1 (425) 822-8286,+1 (415) 223-1726,vistro.com,125 E. Sir Francis Drake Blvd.. Ste 301,Larkspur,CA,94939,United States
Shawn O'Shaughnessy,LODO Securities LLC,,e: shawno@lodosmarkets.com,p: 31.4.304.1397; p:303markets.com,,,,,,,USA
Emmanuel Quinn,Managing Partner,Bobby Vans Steak House,Emmanuel@bobbyvanssteakdc.com,(202) 589-0060,,www.bobbyvanssteakDC.com; www.bobbyvansnyc.com,Southern Building. 809 15th St NW,Washington,DC,20005,USA
Joseph R. LaTurner MBA MS,Principal,KJLK & Co. LLC,joelaturner@ConnectionFunds.com,(918) 288-0375; (321) 443-3886,,,,,,,USA
James Shaffer,Director of Investments Corridor Ventures & Apparent Capital,Corridor Ventures / Apparent Capital,JShaffer@corridorventures.com,860.470.6691,860.480.1092,CorridorVentures.com; ApparentCapital.com,20 Avon Meadow Lane. Ste. 120,Avon,CT,06001,USA
```
Full Name,Job Title,Company Name,Email Address,Phone Number,Mobile Number,Website URL,Street Address,City,State/Province,Postal Code,Country
Paul Timmins,Private equity services,South Match,paul.timmins@southmatch.com,781 676 5502,,SouthMatchPES.com,,,,,
,,Immuno Photonics,info@immunophotonics.com,+1 (531) 675 5161,,www.immunophotonics.com,St. Louis MO 63110 USA,,,,,
,Press Officer - CPA - LD,Aprio,,323-577-4003; 213-252-5636; 213-225-5243; 323-620-5245,323-620-5245 ext 75793456,NewYorkCPA2013.com,,,,,
Kenneth R. Goodwin Jr,JEANISSES,eavensis,,,,www.jeavensiss.com; www.jeavensisexperience.com,,,,,
,General Litigation Sols,,,8 New York NY 10016,,,,,,,
Loyd Castro,,KINETIC,,,,,,,,,
Stuart Nathan Director,WEB LITRES STOCKBRIDGE,,stuart@stockbridgeweb.com; stuart@nathanstudios.co.uk,01422 843583 Mobile 07545 266616,,nathanstudios.co.uk; stockbridgeweb.com,Huddersfield England HD7 5UZ,,,,,
Danijela Ogorelc,FOUNDER & CEO,M=FORMATIN,,C 302 359 4944; O 561 717 6200,C 302 359 4944,www.m-formatin.com,Dani@m-formatin.com,,,,,
,Western General Partner,Sean Campbell,,,,,Delray Beach Florida 33445 USA,,,,,
,The Bernstein Insurance Group MBA,,,858.652.6000; mail@thebig.com,,,Scripps Ranch CA 92131,,,,,
,Mercer Capital,,,,,,Peabody Place,,,,,
Thomas,,,,,,,,,,,,
```
Full Name,Job Title,Company Name,Email Address,Phone Number,Mobile Number,Website URL,Street Address,City,State/Province,Postal Code,Country
Kenneth A. Goodwin Jr.,,,kgoodwin@jsisne.com,,,,,,,,
Sean Campbell,FOUNDER & CEO,FORMATIV,,,,www.formativ.com,"Denver, Colorado",,,80202-1,USA
,,JEANINÉSS,,,,,,,,,
,,WES BURRESS STOCKBRIDGE,info@MarketDirector.com,,,,,,,,
Thomas J. Bronner,,Varney Mercer Capital,,tom@varneymercer.com,"Member of FINRA, SIPC, MSRB",,"Young America Capital, LLC 14 Commerce Drive, 3rd Floor Warrendale, PA 15086",,,15086,USA
,,Lloyd Castro,lloyd.castro@company.com,,,,,,,,
Deniz Mendez,,,deniz@formativ.com,303.539.9540,303.539.9540,,,,,CO 80202-,USA
```
Full Name,Job Title,Company Name,Email Address,Phone Number,Mobile Number,Website URL,Street Address,City,State/Province,Postal Code,Country
Maxwell Loffe-Brofe,,,,973-885-8670,,,,Mendham,NJ,07945,
,,Alumus,,,,,,,,,
Ms. Grunewald,,,ms.grunewald@chaseschool.com,,,,,,,,
Karanbir Dhami,Cybersecurity Supervisor,Lieberman & Blecher PLLC,,,,,,,,
,,GrocerKey Direct,,,,,,,,,
Kevin Enss,Director Personal Lines,Kensington Global Partners,,1274 945 25,,(C) 974-209-9225,,,,,
Nathan Lord,Managing Director,Milli Holdings LLC,,,,,,,,,
,,JAFFA,,,,,www.hellenpartment.com,,,,,
Kevin Enss,Senior Personal Lines Account Manager,Kensington Global Partners,,1274 945 25,,,,,,
Chris Baker,,,,,,(858) 405-8435; (858) 405-8434,,,,,
Marco Doxsee Jr.,,,marco@proterna.com,2025 07 05,,www.Proterra.com,,,,
,,DH Software,,,,,,,,,
Chris Campos,,,,,,,,,,,
,,CMI,,,,,,,,,
```
